Date,Open,High,Low,Close,Volume
2021-04-16,0.0,9.999999974752427e-07,0.0,9.999999974752427e-07,161689870.0
2021-04-17,9.999999974752427e-07,3.000000106112566e-06,9.999999974752427e-07,1.9999999949504854e-06,460833712.0
2021-04-18,1.9999999949504854e-06,1.9999999949504854e-06,9.999999974752427e-07,1.9999999949504854e-06,142743623.0
2021-04-19,1.9999999949504854e-06,3.999999989900971e-06,1.9999999949504854e-06,3.999999989900971e-06,424418998.0
2021-04-20,3.999999989900971e-06,3.999999989900971e-06,1.9999999949504854e-06,1.9999999949504854e-06,526088540.0
2021-04-21,1.9999999949504854e-06,3.000000106112566e-06,9.999999974752427e-07,9.999999974752427e-07,290865031.0
2021-04-22,9.999999974752427e-07,1.9999999949504854e-06,9.999999974752427e-07,1.9999999949504854e-06,194322190.0
2021-04-23,1.9999999949504854e-06,1.9999999949504854e-06,9.999999974752427e-07,9.999999974752427e-07,151001682.0
2021-04-24,9.999999974752427e-07,1.9999999949504854e-06,9.999999974752427e-07,9.999999974752427e-07,83694373.0
2021-04-25,9.999999974752427e-07,9.999999974752427e-07,9.999999974752427e-07,9.999999974752427e-07,90558038.0
2021-04-26,9.999999974752427e-07,9.999999974752427e-07,9.999999974752427e-07,9.999999974752427e-07,102581471.0
2021-04-27,9.999999974752427e-07,9.999999974752427e-07,9.999999974752427e-07,9.999999974752427e-07,102515602.0
2021-04-28,9.999999974752427e-07,1.9999999949504854e-06,9.999999974752427e-07,9.999999974752427e-07,139690065.0
2021-04-29,9.999999974752427e-07,1.9999999949504854e-06,9.999999974752427e-07,9.999999974752427e-07,96378675.0
2021-04-30,9.999999974752427e-07,1.9999999949504854e-06,9.999999974752427e-07,1.9999999949504854e-06,133732362.0
2021-05-01,1.9999999949504854e-06,1.9999999949504854e-06,1.9999999949504854e-06,1.9999999949504854e-06,92395224.0
2021-05-02,1.9999999949504854e-06,1.9999999949504854e-06,1.9999999949504854e-06,1.9999999949504854e-06,59652130.0
2021-05-03,1.9999999949504854e-06,1.9999999949504854e-06,1.9999999949504854e-06,1.9999999949504854e-06,40570107.0
2021-05-04,1.9999999949504854e-06,1.9999999949504854e-06,1.9999999949504854e-06,1.9999999949504854e-06,64001867.0
2021-05-05,1.9999999949504854e-06,1.9999999949504854e-06,1.9999999949504854e-06,1.9999999949504854e-06,47093779.0
2021-05-06,1.9999999949504854e-06,1.9999999949504854e-06,9.999999974752427e-07,1.9999999949504854e-06,27406652.0
2021-05-07,1.9999999949504854e-06,3.000000106112566e-06,9.999999974752427e-07,3.000000106112566e-06,367358434.0
2021-05-08,3.000000106112566e-06,1.8999999156221747e-05,3.000000106112566e-06,1.5999999959603883e-05,6118033567.0
2021-05-09,1.5999999959603883e-05,1.9999999494757503e-05,1.2000000424450263e-05,1.5999999959603883e-05,6171534719.0
2021-05-10,1.5999999959603883e-05,3.899999865097925e-05,1.4000000192027073e-05,3.5000000934815034e-05,19546576207.0
2021-05-11,3.5000000934815034e-05,3.7999998312443495e-05,2.8000000384054147e-05,3.099999958067201e-05,9743912953.0
2021-05-12,2.9999999242136255e-05,3.099999958067201e-05,1.8000000636675395e-05,1.8000000636675395e-05,7320441816.0
2021-05-13,1.8000000636675395e-05,2.4000000848900527e-05,1.4999999621068127e-05,2.099999983329326e-05,6879491005.0
2021-05-14,2.099999983329326e-05,2.2000000171829015e-05,1.8000000636675395e-05,1.8999999156221747e-05,2909604830.0
2021-05-15,1.8000000636675395e-05,1.8999999156221747e-05,1.4999999621068127e-05,1.5999999959603883e-05,2607873205.0
2021-05-16,1.5999999959603883e-05,1.9999999494757503e-05,1.2999999853491317e-05,1.8000000636675395e-05,3225440403.0
2021-05-17,1.8000000636675395e-05,1.8000000636675395e-05,1.4000000192027073e-05,1.5999999959603883e-05,3466116394.0
2021-05-18,1.700000029813964e-05,1.8000000636675395e-05,1.4999999621068127e-05,1.5999999959603883e-05,1743302789.0
2021-05-19,1.5999999959603883e-05,1.5999999959603883e-05,6.000000212225132e-06,9.000000318337698e-06,3271067996.0
2021-05-20,9.000000318337698e-06,1.2000000424450263e-05,7.999999979801942e-06,9.999999747378752e-06,2507945867.0
2021-05-21,9.999999747378752e-06,9.999999747378752e-06,7.000000096013537e-06,7.999999979801942e-06,1547207565.0
2021-05-22,7.999999979801942e-06,9.999999747378752e-06,7.000000096013537e-06,7.999999979801942e-06,1229821215.0
2021-05-23,7.999999979801942e-06,9.999999747378752e-06,7.000000096013537e-06,7.999999979801942e-06,1585032040.0
2021-05-24,7.999999979801942e-06,1.2000000424450263e-05,7.999999979801942e-06,1.1000000085914508e-05,2179651359.0
2021-05-25,1.1000000085914508e-05,1.1000000085914508e-05,9.000000318337698e-06,9.000000318337698e-06,1415340765.0
2021-05-26,9.000000318337698e-06,9.999999747378752e-06,9.000000318337698e-06,9.999999747378752e-06,994520516.0
2021-05-27,9.999999747378752e-06,9.999999747378752e-06,9.000000318337698e-06,9.000000318337698e-06,679602960.0
2021-05-28,9.000000318337698e-06,9.000000318337698e-06,7.999999979801942e-06,7.999999979801942e-06,690703669.0
2021-05-29,7.999999979801942e-06,7.999999979801942e-06,7.000000096013537e-06,7.999999979801942e-06,502184994.0
2021-05-30,7.999999979801942e-06,7.999999979801942e-06,7.999999979801942e-06,7.999999979801942e-06,440967883.0
2021-05-31,7.999999979801942e-06,9.999999747378752e-06,7.999999979801942e-06,9.000000318337698e-06,910298126.0
2021-06-01,9.000000318337698e-06,9.000000318337698e-06,7.999999979801942e-06,9.000000318337698e-06,795576484.0
2021-06-02,9.000000318337698e-06,9.999999747378752e-06,9.000000318337698e-06,9.000000318337698e-06,1190841704.0
2021-06-03,9.000000318337698e-06,9.999999747378752e-06,9.000000318337698e-06,9.999999747378752e-06,841784028.0
2021-06-04,9.999999747378752e-06,9.999999747378752e-06,7.999999979801942e-06,9.000000318337698e-06,819027578.0
2021-06-05,9.000000318337698e-06,9.000000318337698e-06,7.999999979801942e-06,7.999999979801942e-06,507707187.0
2021-06-06,7.999999979801942e-06,9.000000318337698e-06,7.999999979801942e-06,9.000000318337698e-06,359457882.0
2021-06-07,9.000000318337698e-06,9.000000318337698e-06,7.999999979801942e-06,7.999999979801942e-06,469707680.0
2021-06-08,7.999999979801942e-06,7.999999979801942e-06,6.000000212225132e-06,7.000000096013537e-06,794735555.0
2021-06-09,7.000000096013537e-06,7.999999979801942e-06,7.000000096013537e-06,7.000000096013537e-06,546752922.0
2021-06-10,7.000000096013537e-06,7.000000096013537e-06,7.000000096013537e-06,7.000000096013537e-06,420178357.0
2021-06-11,7.000000096013537e-06,7.000000096013537e-06,6.000000212225132e-06,6.000000212225132e-06,402206125.0
2021-06-12,6.000000212225132e-06,7.000000096013537e-06,6.000000212225132e-06,6.000000212225132e-06,602206703.0
2021-06-13,6.000000212225132e-06,7.000000096013537e-06,6.000000212225132e-06,7.000000096013537e-06,479855598.0
2021-06-14,7.000000096013537e-06,7.000000096013537e-06,7.000000096013537e-06,7.000000096013537e-06,484227038.0
2021-06-15,7.000000096013537e-06,9.999999747378752e-06,7.000000096013537e-06,7.000000096013537e-06,464565251.0
2021-06-16,9.000000318337698e-06,9.000000318337698e-06,7.999999979801942e-06,7.999999979801942e-06,1147441100.0
2021-06-17,7.999999979801942e-06,7.999999979801942e-06,7.999999979801942e-06,7.999999979801942e-06,645884625.0
2021-06-18,7.999999979801942e-06,7.999999979801942e-06,7.000000096013537e-06,7.000000096013537e-06,560685269.0
2021-06-19,7.000000096013537e-06,7.999999979801942e-06,7.000000096013537e-06,7.999999979801942e-06,800211655.0
2021-06-20,7.999999979801942e-06,7.999999979801942e-06,7.000000096013537e-06,7.999999979801942e-06,644943959.0
2021-06-21,7.999999979801942e-06,7.999999979801942e-06,6.000000212225132e-06,6.000000212225132e-06,719083156.0
2021-06-22,6.000000212225132e-06,7.000000096013537e-06,6.000000212225132e-06,6.000000212225132e-06,798815195.0
2021-06-23,6.000000212225132e-06,7.000000096013537e-06,6.000000212225132e-06,7.000000096013537e-06,538227669.0
2021-06-24,7.000000096013537e-06,7.000000096013537e-06,7.000000096013537e-06,7.000000096013537e-06,374340895.0
2021-06-25,7.000000096013537e-06,7.999999979801942e-06,7.000000096013537e-06,7.000000096013537e-06,809551822.0
2021-06-26,7.000000096013537e-06,7.999999979801942e-06,7.000000096013537e-06,7.000000096013537e-06,506208122.0
2021-06-27,7.000000096013537e-06,7.999999979801942e-06,7.000000096013537e-06,7.999999979801942e-06,368723897.0
2021-06-28,7.999999979801942e-06,7.999999979801942e-06,7.999999979801942e-06,7.999999979801942e-06,511642751.0
2021-06-29,7.999999979801942e-06,9.999999747378752e-06,7.999999979801942e-06,9.000000318337698e-06,1049937292.0
2021-06-30,9.000000318337698e-06,9.000000318337698e-06,7.999999979801942e-06,9.000000318337698e-06,774601888.0
2021-07-01,9.000000318337698e-06,9.000000318337698e-06,7.999999979801942e-06,7.999999979801942e-06,472303878.0
2021-07-02,7.999999979801942e-06,7.999999979801942e-06,7.999999979801942e-06,7.999999979801942e-06,350380456.0
2021-07-03,7.999999979801942e-06,9.000000318337698e-06,7.999999979801942e-06,9.000000318337698e-06,387155665.0
2021-07-04,9.000000318337698e-06,9.000000318337698e-06,7.999999979801942e-06,9.000000318337698e-06,382389431.0
2021-07-05,9.000000318337698e-06,9.000000318337698e-06,7.999999979801942e-06,7.999999979801942e-06,414501521.0
2021-07-06,7.999999979801942e-06,9.000000318337698e-06,7.999999979801942e-06,9.000000318337698e-06,695333646.0
2021-07-07,9.000000318337698e-06,9.000000318337698e-06,9.000000318337698e-06,9.000000318337698e-06,400230047.0
2021-07-08,9.000000318337698e-06,9.000000318337698e-06,7.999999979801942e-06,7.999999979801942e-06,461821077.0
2021-07-09,7.999999979801942e-06,7.999999979801942e-06,7.999999979801942e-06,7.999999979801942e-06,329969149.0
2021-07-10,7.999999979801942e-06,7.999999979801942e-06,7.999999979801942e-06,7.999999979801942e-06,307713037.0
2021-07-11,7.999999979801942e-06,7.999999979801942e-06,7.999999979801942e-06,7.999999979801942e-06,298920323.0
2021-07-12,7.999999979801942e-06,7.999999979801942e-06,7.000000096013537e-06,7.999999979801942e-06,368432617.0
2021-07-13,7.999999979801942e-06,7.999999979801942e-06,7.000000096013537e-06,7.000000096013537e-06,314206348.0
2021-07-14,7.000000096013537e-06,7.999999979801942e-06,7.000000096013537e-06,7.000000096013537e-06,395606690.0
2021-07-15,7.000000096013537e-06,7.000000096013537e-06,7.000000096013537e-06,7.000000096013537e-06,324530088.0
2021-07-16,7.000000096013537e-06,7.000000096013537e-06,7.000000096013537e-06,7.000000096013537e-06,271727428.0
2021-07-17,7.000000096013537e-06,7.000000096013537e-06,7.000000096013537e-06,7.000000096013537e-06,268313051.0
2021-07-18,7.000000096013537e-06,7.000000096013537e-06,7.000000096013537e-06,7.000000096013537e-06,248486447.0
2021-07-19,7.000000096013537e-06,7.000000096013537e-06,6.000000212225132e-06,6.000000212225132e-06,300950718.0
2021-07-20,6.000000212225132e-06,6.000000212225132e-06,6.000000212225132e-06,6.000000212225132e-06,319956020.0
2021-07-21,6.000000212225132e-06,7.000000096013537e-06,6.000000212225132e-06,7.000000096013537e-06,426562130.0
2021-07-22,7.000000096013537e-06,7.000000096013537e-06,6.000000212225132e-06,6.000000212225132e-06,280680850.0
2021-07-23,6.000000212225132e-06,7.000000096013537e-06,6.000000212225132e-06,6.000000212225132e-06,287940255.0
2021-07-24,6.000000212225132e-06,7.000000096013537e-06,6.000000212225132e-06,6.000000212225132e-06,306621338.0
2021-07-25,6.000000212225132e-06,7.000000096013537e-06,6.000000212225132e-06,6.000000212225132e-06,254137124.0
2021-07-26,6.000000212225132e-06,7.000000096013537e-06,6.000000212225132e-06,6.000000212225132e-06,498257871.0
2021-07-27,6.000000212225132e-06,6.000000212225132e-06,6.000000212225132e-06,6.000000212225132e-06,255458467.0
2021-07-28,6.000000212225132e-06,6.000000212225132e-06,6.000000212225132e-06,6.000000212225132e-06,226907730.0
2021-07-29,6.000000212225132e-06,7.000000096013537e-06,6.000000212225132e-06,6.000000212225132e-06,242987987.0
2021-07-30,6.000000212225132e-06,6.000000212225132e-06,6.000000212225132e-06,6.000000212225132e-06,230614586.0
2021-07-31,6.000000212225132e-06,6.000000212225132e-06,6.000000212225132e-06,6.000000212225132e-06,198884325.0
2021-08-01,6.000000212225132e-06,7.000000096013537e-06,6.000000212225132e-06,6.000000212225132e-06,311601900.0
2021-08-02,6.000000212225132e-06,6.000000212225132e-06,6.000000212225132e-06,6.000000212225132e-06,233023667.0
2021-08-03,6.000000212225132e-06,6.000000212225132e-06,6.000000212225132e-06,6.000000212225132e-06,199311312.0
2021-08-04,6.000000212225132e-06,6.000000212225132e-06,6.000000212225132e-06,6.000000212225132e-06,204792386.0
2021-08-05,6.000000212225132e-06,6.000000212225132e-06,6.000000212225132e-06,6.000000212225132e-06,223975108.0
2021-08-06,6.000000212225132e-06,6.000000212225132e-06,6.000000212225132e-06,6.000000212225132e-06,248522840.0
2021-08-07,6.000000212225132e-06,7.999999979801942e-06,6.000000212225132e-06,7.999999979801942e-06,734135430.0
2021-08-08,7.999999979801942e-06,9.000000318337698e-06,7.000000096013537e-06,7.000000096013537e-06,923406924.0
2021-08-09,7.000000096013537e-06,7.999999979801942e-06,7.000000096013537e-06,7.999999979801942e-06,513264306.0
2021-08-10,7.999999979801942e-06,7.999999979801942e-06,7.000000096013537e-06,7.999999979801942e-06,358181887.0
2021-08-11,7.999999979801942e-06,7.999999979801942e-06,7.999999979801942e-06,7.999999979801942e-06,567005556.0
2021-08-12,7.999999979801942e-06,7.999999979801942e-06,7.000000096013537e-06,7.999999979801942e-06,447258857.0
2021-08-13,7.999999979801942e-06,7.999999979801942e-06,7.999999979801942e-06,7.999999979801942e-06,405525616.0
2021-08-14,7.999999979801942e-06,9.000000318337698e-06,7.999999979801942e-06,7.999999979801942e-06,633410230.0
2021-08-15,7.999999979801942e-06,9.000000318337698e-06,7.999999979801942e-06,9.000000318337698e-06,511338751.0
2021-08-16,9.000000318337698e-06,9.000000318337698e-06,7.999999979801942e-06,9.000000318337698e-06,1002600515.0
2021-08-17,9.000000318337698e-06,9.000000318337698e-06,7.999999979801942e-06,7.999999979801942e-06,655276452.0
2021-08-18,7.999999979801942e-06,7.999999979801942e-06,7.999999979801942e-06,7.999999979801942e-06,490220596.0
2021-08-19,7.999999979801942e-06,7.999999979801942e-06,7.999999979801942e-06,7.999999979801942e-06,358840820.0
2021-08-20,7.999999979801942e-06,9.000000318337698e-06,7.999999979801942e-06,7.999999979801942e-06,360709045.0
2021-08-21,7.999999979801942e-06,9.000000318337698e-06,7.999999979801942e-06,7.999999979801942e-06,314483766.0
2021-08-22,7.999999979801942e-06,7.999999979801942e-06,7.999999979801942e-06,7.999999979801942e-06,292686165.0
2021-08-23,7.999999979801942e-06,7.999999979801942e-06,7.999999979801942e-06,7.999999979801942e-06,327215667.0
2021-08-24,7.999999979801942e-06,7.999999979801942e-06,7.000000096013537e-06,7.000000096013537e-06,393979166.0
2021-08-25,7.999999979801942e-06,7.999999979801942e-06,7.000000096013537e-06,7.999999979801942e-06,338503381.0
2021-08-26,7.999999979801942e-06,7.999999979801942e-06,7.000000096013537e-06,7.000000096013537e-06,323676890.0
2021-08-27,7.000000096013537e-06,7.999999979801942e-06,7.000000096013537e-06,7.000000096013537e-06,320305426.0
2021-08-28,7.000000096013537e-06,7.000000096013537e-06,7.000000096013537e-06,7.000000096013537e-06,223873537.0
2021-08-29,7.000000096013537e-06,7.000000096013537e-06,7.000000096013537e-06,7.000000096013537e-06,236155012.0
2021-08-30,7.000000096013537e-06,7.000000096013537e-06,7.000000096013537e-06,7.000000096013537e-06,253774182.0
2021-08-31,7.000000096013537e-06,7.000000096013537e-06,7.000000096013537e-06,7.000000096013537e-06,290290305.0
2021-09-01,7.000000096013537e-06,7.000000096013537e-06,7.000000096013537e-06,7.000000096013537e-06,261160667.0
2021-09-02,7.000000096013537e-06,7.000000096013537e-06,7.000000096013537e-06,7.000000096013537e-06,283366175.0
2021-09-03,7.000000096013537e-06,7.000000096013537e-06,7.000000096013537e-06,7.000000096013537e-06,260789327.0
2021-09-04,7.000000096013537e-06,7.999999979801942e-06,7.000000096013537e-06,7.000000096013537e-06,378296266.0
2021-09-05,7.000000096013537e-06,7.999999979801942e-06,7.000000096013537e-06,7.999999979801942e-06,300455633.0
2021-09-06,7.999999979801942e-06,7.999999979801942e-06,7.000000096013537e-06,7.000000096013537e-06,334086564.0
2021-09-07,7.000000096013537e-06,7.000000096013537e-06,4.999999873689376e-06,6.000000212225132e-06,626371078.0
2021-09-08,6.000000212225132e-06,7.999999979801942e-06,4.999999873689376e-06,7.000000096013537e-06,986403280.0
2021-09-09,7.000000096013537e-06,7.999999979801942e-06,7.000000096013537e-06,7.000000096013537e-06,784078100.0
2021-09-10,7.000000096013537e-06,7.999999979801942e-06,7.000000096013537e-06,7.000000096013537e-06,423733163.0
2021-09-11,7.000000096013537e-06,7.000000096013537e-06,7.000000096013537e-06,7.000000096013537e-06,229243568.0
2021-09-12,7.000000096013537e-06,7.000000096013537e-06,7.000000096013537e-06,7.000000096013537e-06,243064232.0
2021-09-13,7.000000096013537e-06,7.000000096013537e-06,6.000000212225132e-06,7.000000096013537e-06,312789256.0
2021-09-14,7.000000096013537e-06,7.000000096013537e-06,6.000000212225132e-06,7.000000096013537e-06,184111151.0
2021-09-15,7.000000096013537e-06,7.000000096013537e-06,7.000000096013537e-06,7.000000096013537e-06,203289266.0
2021-09-16,7.000000096013537e-06,9.000000318337698e-06,7.000000096013537e-06,9.000000318337698e-06,1624140154.0
2021-09-17,9.000000318337698e-06,9.000000318337698e-06,7.999999979801942e-06,7.999999979801942e-06,1663423890.0
2021-09-18,7.999999979801942e-06,9.000000318337698e-06,7.999999979801942e-06,7.999999979801942e-06,495513218.0
2021-09-19,7.999999979801942e-06,7.999999979801942e-06,7.000000096013537e-06,7.999999979801942e-06,572892039.0
2021-09-20,7.999999979801942e-06,7.999999979801942e-06,7.000000096013537e-06,7.000000096013537e-06,586521394.0
2021-09-21,7.000000096013537e-06,7.000000096013537e-06,7.000000096013537e-06,7.000000096013537e-06,382463972.0
2021-09-22,7.000000096013537e-06,7.000000096013537e-06,7.000000096013537e-06,7.000000096013537e-06,280642205.0
2021-09-23,7.000000096013537e-06,7.999999979801942e-06,7.000000096013537e-06,7.999999979801942e-06,370820478.0
2021-09-24,7.999999979801942e-06,7.999999979801942e-06,7.000000096013537e-06,7.000000096013537e-06,456964069.0
2021-09-25,7.000000096013537e-06,7.999999979801942e-06,7.000000096013537e-06,7.000000096013537e-06,227277343.0
2021-09-26,7.000000096013537e-06,7.000000096013537e-06,7.000000096013537e-06,7.000000096013537e-06,257921523.0
2021-09-27,7.000000096013537e-06,7.000000096013537e-06,7.000000096013537e-06,7.000000096013537e-06,207040951.0
2021-09-28,7.000000096013537e-06,7.000000096013537e-06,7.000000096013537e-06,7.000000096013537e-06,229379215.0
2021-09-29,7.000000096013537e-06,7.000000096013537e-06,7.000000096013537e-06,7.000000096013537e-06,193035725.0
2021-09-30,7.000000096013537e-06,7.000000096013537e-06,7.000000096013537e-06,7.000000096013537e-06,308553065.0
2021-10-01,7.000000096013537e-06,7.999999979801942e-06,7.000000096013537e-06,7.999999979801942e-06,316837935.0
2021-10-02,7.999999979801942e-06,7.999999979801942e-06,7.000000096013537e-06,7.999999979801942e-06,320232218.0
2021-10-03,7.999999979801942e-06,9.000000318337698e-06,7.999999979801942e-06,9.000000318337698e-06,627602337.0
2021-10-04,9.000000318337698e-06,1.4999999621068127e-05,7.999999979801942e-06,1.2999999853491317e-05,5113996411.0
2021-10-05,1.2999999853491317e-05,1.9999999494757503e-05,1.2000000424450263e-05,1.700000029813964e-05,9382762020.0
2021-10-06,1.700000029813964e-05,2.9000000722589903e-05,1.700000029813964e-05,2.8000000384054147e-05,15233960302.0
2021-10-07,2.8000000384054147e-05,3.5000000934815034e-05,2.099999983329326e-05,2.300000051036477e-05,18731843000.0
2021-10-08,2.300000051036477e-05,2.9000000722589903e-05,2.099999983329326e-05,2.700000004551839e-05,12326548369.0
2021-10-09,2.700000004551839e-05,2.9999999242136255e-05,2.4000000848900527e-05,2.700000004551839e-05,6401062357.0
2021-10-10,2.700000004551839e-05,2.8000000384054147e-05,2.499999936844688e-05,2.5999999706982635e-05,3597266431.0
2021-10-11,2.5999999706982635e-05,3.199999991920777e-05,2.5999999706982635e-05,3.099999958067201e-05,7321688785.0
2021-10-12,3.099999958067201e-05,3.199999991920777e-05,2.700000004551839e-05,2.9000000722589903e-05,4868743619.0
2021-10-13,2.9000000722589903e-05,3.099999958067201e-05,2.8000000384054147e-05,2.9000000722589903e-05,3082220289.0
2021-10-14,2.9000000722589903e-05,2.9999999242136255e-05,2.700000004551839e-05,2.700000004551839e-05,2727081948.0
2021-10-15,2.700000004551839e-05,2.700000004551839e-05,2.300000051036477e-05,2.499999936844688e-05,4121246428.0
2021-10-16,2.499999936844688e-05,2.700000004551839e-05,2.499999936844688e-05,2.5999999706982635e-05,1871226740.0
2021-10-17,2.5999999706982635e-05,2.9000000722589903e-05,2.4000000848900527e-05,2.8000000384054147e-05,2304858857.0
2021-10-18,2.8000000384054147e-05,2.9999999242136255e-05,2.5999999706982635e-05,2.9000000722589903e-05,3919367323.0
2021-10-19,2.9000000722589903e-05,2.9000000722589903e-05,2.8000000384054147e-05,2.8000000384054147e-05,1651861422.0
2021-10-20,2.8000000384054147e-05,2.9000000722589903e-05,2.700000004551839e-05,2.9000000722589903e-05,1676016339.0
2021-10-21,2.9000000722589903e-05,2.9000000722589903e-05,2.700000004551839e-05,2.700000004551839e-05,1540610794.0
2021-10-22,2.700000004551839e-05,2.8000000384054147e-05,2.700000004551839e-05,2.8000000384054147e-05,1297177007.0
2021-10-23,2.8000000384054147e-05,3.5000000934815034e-05,2.8000000384054147e-05,3.400000059627928e-05,4703212108.0
2021-10-24,3.400000059627928e-05,4.400000034365803e-05,3.400000059627928e-05,3.600000127335079e-05,15337292521.0
2021-10-25,3.600000127335079e-05,4.400000034365803e-05,3.5000000934815034e-05,4.199999966658652e-05,8244210217.0
2021-10-26,4.199999966658652e-05,4.8999998398358e-05,4.099999932805076e-05,4.8000001697801054e-05,11176750625.0
2021-10-27,4.8000001697801054e-05,8.70000003487803e-05,4.70000013592653e-05,7.999999797903001e-05,39053846018.0
2021-10-28,7.899999764049426e-05,8.800000068731606e-05,5.700000110664405e-05,6.800000119255856e-05,32835212339.0
2021-10-29,6.900000153109431e-05,7.699999696342275e-05,6.0999998822808266e-05,7.500000356230885e-05,14287074318.0
2021-10-30,7.500000356230885e-05,7.79999973019585e-05,6.199999916134402e-05,6.500000017695129e-05,8093183339.0
2021-10-31,6.500000017695129e-05,7.000000186963007e-05,5.900000178371556e-05,6.70000008540228e-05,7990702699.0
2021-11-01,6.70000008540228e-05,7.500000356230885e-05,6.600000051548705e-05,7.200000254670158e-05,8120747918.0
2021-11-02,7.200000254670158e-05,7.300000288523734e-05,6.70000008540228e-05,6.900000153109431e-05,5316969434.0
2021-11-03,6.900000153109431e-05,6.900000153109431e-05,5.2999999752501026e-05,5.500000042957254e-05,6495261244.0
2021-11-04,5.500000042957254e-05,6.0999998822808266e-05,4.3000000005122274e-05,4.8999998398358e-05,11486664527.0
2021-11-05,4.8999998398358e-05,6.500000017695129e-05,4.600000102072954e-05,6.199999916134402e-05,12401211699.0
2021-11-06,6.299999949987978e-05,6.299999949987978e-05,5.500000042957254e-05,5.900000178371556e-05,6445477874.0
2021-11-07,5.900000178371556e-05,5.999999848427251e-05,5.6000000768108293e-05,5.700000110664405e-05,3123242451.0
2021-11-08,5.700000110664405e-05,5.900000178371556e-05,5.2999999752501026e-05,5.500000042957254e-05,4496482335.0
2021-11-09,5.500000042957254e-05,5.8000001445179805e-05,5.400000009103678e-05,5.500000042957254e-05,3142625649.0
2021-11-10,5.500000042957254e-05,5.500000042957254e-05,4.600000102072954e-05,4.999999873689376e-05,4318757158.0
2021-11-11,4.999999873689376e-05,5.8000001445179805e-05,4.8999998398358e-05,5.700000110664405e-05,5753844727.0
2021-11-12,5.700000110664405e-05,5.700000110664405e-05,5.0999999075429514e-05,5.199999941396527e-05,2888701214.0
2021-11-13,5.199999941396527e-05,5.2999999752501026e-05,5.0999999075429514e-05,5.199999941396527e-05,1678572265.0
2021-11-14,5.199999941396527e-05,5.6000000768108293e-05,5.199999941396527e-05,5.2999999752501026e-05,2504828825.0
2021-11-15,5.2999999752501026e-05,5.6000000768108293e-05,5.199999941396527e-05,5.2999999752501026e-05,2588941477.0
2021-11-16,5.400000009103678e-05,5.400000009103678e-05,4.600000102072954e-05,4.8000001697801054e-05,3935874227.0
2021-11-17,4.8000001697801054e-05,4.999999873689376e-05,4.70000013592653e-05,4.8000001697801054e-05,2389403757.0
2021-11-18,4.8000001697801054e-05,4.8999998398358e-05,4.099999932805076e-05,4.199999966658652e-05,3495863723.0
2021-11-19,4.3000000005122274e-05,5.199999941396527e-05,4.199999966658652e-05,4.8999998398358e-05,4244014798.0
2021-11-20,4.8999998398358e-05,4.999999873689376e-05,4.600000102072954e-05,4.8000001697801054e-05,2406332845.0
2021-11-21,4.8000001697801054e-05,4.8000001697801054e-05,4.400000034365803e-05,4.400000034365803e-05,1636858723.0
2021-11-22,4.400000034365803e-05,4.600000102072954e-05,4.3000000005122274e-05,4.3000000005122274e-05,1806619697.0
2021-11-23,4.3000000005122274e-05,4.5000000682193786e-05,4.099999932805076e-05,4.199999966658652e-05,1893597811.0
2021-11-24,4.199999966658652e-05,4.3000000005122274e-05,3.600000127335079e-05,3.9999998989515007e-05,2027746049.0
2021-11-25,3.7999998312443495e-05,4.8000001697801054e-05,3.7999998312443495e-05,3.9999998989515007e-05,4151282645.0
2021-11-26,4.3000000005122274e-05,4.3000000005122274e-05,3.600000127335079e-05,3.7999998312443495e-05,3770758761.0
2021-11-27,3.899999865097925e-05,4.199999966658652e-05,3.7999998312443495e-05,3.899999865097925e-05,2068580738.0
2021-11-28,3.899999865097925e-05,3.9999998989515007e-05,3.7000001611886546e-05,3.899999865097925e-05,1902056544.0
2021-11-29,3.899999865097925e-05,4.600000102072954e-05,3.899999865097925e-05,4.600000102072954e-05,3667758287.0
2021-11-30,4.5000000682193786e-05,5.400000009103678e-05,4.3000000005122274e-05,4.70000013592653e-05,9568498541.0
2021-12-01,4.70000013592653e-05,4.8999998398358e-05,4.400000034365803e-05,4.400000034365803e-05,3482541861.0
2021-12-02,4.400000034365803e-05,4.400000034365803e-05,4.099999932805076e-05,4.199999966658652e-05,2042872233.0
2021-12-03,4.199999966658652e-05,4.5000000682193786e-05,3.9999998989515007e-05,3.9999998989515007e-05,2740977676.0
2021-12-04,4.099999932805076e-05,4.099999932805076e-05,2.9999999242136255e-05,3.7000001611886546e-05,3873494147.0
2021-12-05,3.600000127335079e-05,3.7999998312443495e-05,3.400000059627928e-05,3.600000127335079e-05,2307804650.0
2021-12-06,3.600000127335079e-05,3.7999998312443495e-05,3.300000025774352e-05,3.7000001611886546e-05,2321209665.0
2021-12-07,3.7000001611886546e-05,3.899999865097925e-05,3.600000127335079e-05,3.600000127335079e-05,1844522891.0
2021-12-08,3.600000127335079e-05,3.7999998312443495e-05,3.600000127335079e-05,3.7000001611886546e-05,1257581860.0
2021-12-09,3.7000001611886546e-05,3.7000001611886546e-05,3.400000059627928e-05,3.5000000934815034e-05,1123882103.0
2021-12-10,3.5000000934815034e-05,3.600000127335079e-05,3.300000025774352e-05,3.400000059627928e-05,1033903140.0
2021-12-11,3.400000059627928e-05,3.5000000934815034e-05,3.300000025774352e-05,3.400000059627928e-05,940194089.0
2021-12-12,3.400000059627928e-05,3.7999998312443495e-05,3.400000059627928e-05,3.7000001611886546e-05,1460048877.0
2021-12-13,3.7000001611886546e-05,3.7000001611886546e-05,3.199999991920777e-05,3.300000025774352e-05,1464806802.0
2021-12-14,3.300000025774352e-05,3.600000127335079e-05,3.300000025774352e-05,3.400000059627928e-05,1476971270.0
2021-12-15,3.400000059627928e-05,3.400000059627928e-05,3.199999991920777e-05,3.400000059627928e-05,1184733848.0
2021-12-16,3.400000059627928e-05,3.5000000934815034e-05,3.300000025774352e-05,3.300000025774352e-05,996204378.0
2021-12-17,3.300000025774352e-05,3.300000025774352e-05,2.9999999242136255e-05,3.099999958067201e-05,1162002333.0
2021-12-18,3.099999958067201e-05,3.199999991920777e-05,3.099999958067201e-05,3.099999958067201e-05,709723245.0
2021-12-19,3.099999958067201e-05,3.199999991920777e-05,3.099999958067201e-05,3.099999958067201e-05,614447517.0
2021-12-20,3.099999958067201e-05,3.300000025774352e-05,2.8000000384054147e-05,3.099999958067201e-05,1811009989.0
2021-12-21,3.099999958067201e-05,3.300000025774352e-05,3.099999958067201e-05,3.300000025774352e-05,1375249878.0
2021-12-22,3.300000025774352e-05,3.7999998312443495e-05,3.300000025774352e-05,3.5000000934815034e-05,2281163530.0
2021-12-23,3.5000000934815034e-05,3.899999865097925e-05,3.400000059627928e-05,3.899999865097925e-05,2040585378.0
2021-12-24,3.899999865097925e-05,3.9999998989515007e-05,3.600000127335079e-05,3.600000127335079e-05,2060282601.0
2021-12-25,3.600000127335079e-05,3.7999998312443495e-05,3.600000127335079e-05,3.7999998312443495e-05,1127932936.0
2021-12-26,3.7999998312443495e-05,3.899999865097925e-05,3.7000001611886546e-05,3.7999998312443495e-05,1212604991.0
2021-12-27,3.7999998312443495e-05,3.899999865097925e-05,3.7999998312443495e-05,3.899999865097925e-05,1265319187.0
2021-12-28,3.899999865097925e-05,3.899999865097925e-05,3.400000059627928e-05,3.5000000934815034e-05,1817436004.0
2021-12-29,3.5000000934815034e-05,3.600000127335079e-05,3.300000025774352e-05,3.400000059627928e-05,1210252540.0
2021-12-30,3.400000059627928e-05,3.400000059627928e-05,3.300000025774352e-05,3.400000059627928e-05,989363049.0
2021-12-31,3.400000059627928e-05,3.5000000934815034e-05,3.300000025774352e-05,3.300000025774352e-05,934738093.0
2022-01-01,3.300000025774352e-05,3.400000059627928e-05,3.300000025774352e-05,3.400000059627928e-05,608789558.0
2022-01-02,3.400000059627928e-05,3.400000059627928e-05,3.400000059627928e-05,3.400000059627928e-05,574109134.0
2022-01-03,3.400000059627928e-05,3.400000059627928e-05,3.199999991920777e-05,3.300000025774352e-05,720676202.0
2022-01-04,3.300000025774352e-05,3.300000025774352e-05,3.199999991920777e-05,3.199999991920777e-05,717218977.0
2022-01-05,3.199999991920777e-05,3.300000025774352e-05,2.9000000722589903e-05,2.9999999242136255e-05,1138566779.0
2022-01-06,2.9999999242136255e-05,3.199999991920777e-05,2.9000000722589903e-05,3.099999958067201e-05,1172523092.0
2022-01-07,3.099999958067201e-05,3.099999958067201e-05,2.9000000722589903e-05,2.9000000722589903e-05,1169467775.0
2022-01-08,2.9000000722589903e-05,2.9999999242136255e-05,2.700000004551839e-05,2.8000000384054147e-05,1081101278.0
2022-01-09,2.8000000384054147e-05,2.9000000722589903e-05,2.8000000384054147e-05,2.8000000384054147e-05,741130328.0
2022-01-10,2.8000000384054147e-05,2.9000000722589903e-05,2.5999999706982635e-05,2.700000004551839e-05,1044022667.0
2022-01-11,2.700000004551839e-05,2.8000000384054147e-05,2.5999999706982635e-05,2.8000000384054147e-05,856528185.0
2022-01-12,2.8000000384054147e-05,3.199999991920777e-05,2.8000000384054147e-05,3.199999991920777e-05,1541810685.0
2022-01-13,3.199999991920777e-05,3.300000025774352e-05,2.9000000722589903e-05,2.9999999242136255e-05,1435576624.0
2022-01-14,2.9999999242136255e-05,3.199999991920777e-05,2.9000000722589903e-05,3.099999958067201e-05,1538750911.0
2022-01-15,3.099999958067201e-05,3.099999958067201e-05,3.099999958067201e-05,3.099999958067201e-05,697319385.0
2022-01-16,3.099999958067201e-05,3.099999958067201e-05,2.9999999242136255e-05,3.099999958067201e-05,613620998.0
2022-01-17,3.099999958067201e-05,3.099999958067201e-05,2.8000000384054147e-05,2.9000000722589903e-05,758868918.0
2022-01-18,2.9000000722589903e-05,2.9000000722589903e-05,2.8000000384054147e-05,2.8000000384054147e-05,817784966.0
2022-01-19,2.8000000384054147e-05,2.8000000384054147e-05,2.700000004551839e-05,2.700000004551839e-05,644592746.0
2022-01-20,2.700000004551839e-05,2.9000000722589903e-05,2.5999999706982635e-05,2.5999999706982635e-05,380410746.0
2022-01-21,2.5999999706982635e-05,2.700000004551839e-05,2.2000000171829015e-05,2.2000000171829015e-05,1422249920.0
2022-01-22,2.2000000171829015e-05,2.2000000171829015e-05,1.700000029813964e-05,2.099999983329326e-05,2140529993.0
2022-01-23,2.099999983329326e-05,2.4000000848900527e-05,2.099999983329326e-05,2.2000000171829015e-05,1957464251.0
2022-01-24,2.2000000171829015e-05,2.300000051036477e-05,1.8999999156221747e-05,2.099999983329326e-05,1924476636.0
2022-01-25,2.099999983329326e-05,2.2000000171829015e-05,1.9999999494757503e-05,2.099999983329326e-05,1047337942.0
2022-01-26,2.099999983329326e-05,2.300000051036477e-05,2.099999983329326e-05,2.099999983329326e-05,1155008423.0
2022-01-27,2.099999983329326e-05,2.2000000171829015e-05,1.9999999494757503e-05,2.099999983329326e-05,890469542.0
2022-01-28,2.099999983329326e-05,2.099999983329326e-05,1.9999999494757503e-05,2.099999983329326e-05,538455794.0
2022-01-29,2.099999983329326e-05,2.2000000171829015e-05,2.099999983329326e-05,2.2000000171829015e-05,551033703.0
2022-01-30,2.2000000171829015e-05,2.2000000171829015e-05,2.099999983329326e-05,2.099999983329326e-05,488342024.0
2022-01-31,2.099999983329326e-05,2.2000000171829015e-05,1.9999999494757503e-05,2.099999983329326e-05,531285879.0
2022-02-01,2.099999983329326e-05,2.2000000171829015e-05,2.099999983329326e-05,2.2000000171829015e-05,519254046.0
2022-02-02,2.2000000171829015e-05,2.2000000171829015e-05,1.9999999494757503e-05,2.099999983329326e-05,484518640.0
2022-02-03,2.099999983329326e-05,2.099999983329326e-05,1.9999999494757503e-05,2.099999983329326e-05,421850042.0
2022-02-04,2.099999983329326e-05,2.2000000171829015e-05,2.099999983329326e-05,2.2000000171829015e-05,609855710.0
2022-02-05,2.2000000171829015e-05,2.4000000848900527e-05,2.2000000171829015e-05,2.300000051036477e-05,842566055.0
2022-02-06,2.300000051036477e-05,2.8000000384054147e-05,2.2000000171829015e-05,2.8000000384054147e-05,2156462842.0
2022-02-07,2.8000000384054147e-05,3.5000000934815034e-05,2.700000004551839e-05,3.300000025774352e-05,4764331366.0
2022-02-08,3.300000025774352e-05,3.5000000934815034e-05,2.9999999242136255e-05,3.099999958067201e-05,3618590002.0
2022-02-09,3.099999958067201e-05,3.400000059627928e-05,3.099999958067201e-05,3.300000025774352e-05,2365650708.0
2022-02-10,3.300000025774352e-05,3.400000059627928e-05,3.099999958067201e-05,3.099999958067201e-05,2546459745.0
2022-02-11,3.099999958067201e-05,3.199999991920777e-05,2.8000000384054147e-05,2.9000000722589903e-05,2012806768.0
2022-02-12,2.9000000722589903e-05,2.9999999242136255e-05,2.8000000384054147e-05,2.9000000722589903e-05,1683120664.0
2022-02-13,2.9000000722589903e-05,3.199999991920777e-05,2.9000000722589903e-05,2.9999999242136255e-05,2065365631.0
2022-02-14,2.9999999242136255e-05,3.099999958067201e-05,2.9000000722589903e-05,2.9999999242136255e-05,1558119657.0
2022-02-15,2.9999999242136255e-05,3.199999991920777e-05,2.9999999242136255e-05,3.099999958067201e-05,1602354887.0
2022-02-16,3.099999958067201e-05,3.099999958067201e-05,2.9999999242136255e-05,3.099999958067201e-05,1350071541.0
2022-02-17,3.099999958067201e-05,3.199999991920777e-05,2.8000000384054147e-05,2.8000000384054147e-05,2067544526.0
2022-02-18,2.8000000384054147e-05,2.9999999242136255e-05,2.8000000384054147e-05,2.8000000384054147e-05,1458694142.0
2022-02-19,2.8000000384054147e-05,2.9000000722589903e-05,2.700000004551839e-05,2.8000000384054147e-05,929189862.0
2022-02-20,2.8000000384054147e-05,2.8000000384054147e-05,2.499999936844688e-05,2.5999999706982635e-05,1235841144.0
2022-02-21,2.5999999706982635e-05,2.700000004551839e-05,2.4000000848900527e-05,2.4000000848900527e-05,2001180593.0
2022-02-22,2.4000000848900527e-05,2.499999936844688e-05,2.300000051036477e-05,2.499999936844688e-05,1524043647.0
2022-02-23,2.499999936844688e-05,2.700000004551839e-05,2.499999936844688e-05,2.499999936844688e-05,1728129985.0
2022-02-24,2.499999936844688e-05,2.499999936844688e-05,2.099999983329326e-05,2.4000000848900527e-05,3275038601.0
2022-02-25,2.4000000848900527e-05,2.499999936844688e-05,2.300000051036477e-05,2.499999936844688e-05,1740381961.0
2022-02-26,2.499999936844688e-05,2.5999999706982635e-05,2.4000000848900527e-05,2.4000000848900527e-05,1099351580.0
2022-02-27,2.4000000848900527e-05,2.499999936844688e-05,2.300000051036477e-05,2.300000051036477e-05,1217089606.0
2022-02-28,2.300000051036477e-05,2.5999999706982635e-05,2.300000051036477e-05,2.5999999706982635e-05,1513953706.0
2022-03-01,2.5999999706982635e-05,2.8000000384054147e-05,2.499999936844688e-05,2.700000004551839e-05,2075874028.0
2022-03-02,2.700000004551839e-05,2.700000004551839e-05,2.5999999706982635e-05,2.5999999706982635e-05,1396864024.0
2022-03-03,2.5999999706982635e-05,2.5999999706982635e-05,2.499999936844688e-05,2.499999936844688e-05,963213922.0
2022-03-04,2.499999936844688e-05,2.499999936844688e-05,2.300000051036477e-05,2.4000000848900527e-05,977852640.0
2022-03-05,2.4000000848900527e-05,2.499999936844688e-05,2.300000051036477e-05,2.499999936844688e-05,722836004.0
2022-03-06,2.499999936844688e-05,2.499999936844688e-05,2.300000051036477e-05,2.4000000848900527e-05,639453988.0
2022-03-07,2.4000000848900527e-05,2.4000000848900527e-05,2.2000000171829015e-05,2.300000051036477e-05,877141756.0
2022-03-08,2.300000051036477e-05,2.300000051036477e-05,2.300000051036477e-05,2.300000051036477e-05,703855373.0
2022-03-09,2.300000051036477e-05,2.4000000848900527e-05,2.300000051036477e-05,2.4000000848900527e-05,951434921.0
2022-03-10,2.4000000848900527e-05,2.4000000848900527e-05,2.2000000171829015e-05,2.300000051036477e-05,818094363.0
2022-03-11,2.300000051036477e-05,2.300000051036477e-05,2.2000000171829015e-05,2.2000000171829015e-05,748848965.0
2022-03-12,2.2000000171829015e-05,2.300000051036477e-05,2.2000000171829015e-05,2.2000000171829015e-05,438871956.0
2022-03-13,2.2000000171829015e-05,2.300000051036477e-05,2.099999983329326e-05,2.2000000171829015e-05,660720467.0
2022-03-14,2.2000000171829015e-05,2.2000000171829015e-05,2.099999983329326e-05,2.2000000171829015e-05,632243876.0
2022-03-15,2.2000000171829015e-05,2.2000000171829015e-05,2.099999983329326e-05,2.2000000171829015e-05,640514222.0
2022-03-16,2.2000000171829015e-05,2.300000051036477e-05,2.2000000171829015e-05,2.300000051036477e-05,841713079.0
2022-03-17,2.300000051036477e-05,2.300000051036477e-05,2.2000000171829015e-05,2.2000000171829015e-05,594487997.0
2022-03-18,2.2000000171829015e-05,2.300000051036477e-05,2.2000000171829015e-05,2.2000000171829015e-05,696479699.0
2022-03-19,2.2000000171829015e-05,2.499999936844688e-05,2.2000000171829015e-05,2.4000000848900527e-05,1912871449.0
2022-03-20,2.4000000848900527e-05,2.4000000848900527e-05,2.300000051036477e-05,2.300000051036477e-05,1176567440.0
2022-03-21,2.300000051036477e-05,2.300000051036477e-05,2.2000000171829015e-05,2.300000051036477e-05,746003820.0
2022-03-22,2.300000051036477e-05,2.4000000848900527e-05,2.300000051036477e-05,2.300000051036477e-05,987790840.0
2022-03-23,2.300000051036477e-05,2.499999936844688e-05,2.300000051036477e-05,2.4000000848900527e-05,1272114432.0
2022-03-24,2.4000000848900527e-05,2.499999936844688e-05,2.4000000848900527e-05,2.499999936844688e-05,1339708814.0
2022-03-25,2.499999936844688e-05,2.499999936844688e-05,2.4000000848900527e-05,2.4000000848900527e-05,906531254.0
2022-03-26,2.4000000848900527e-05,2.499999936844688e-05,2.4000000848900527e-05,2.4000000848900527e-05,472902729.0
2022-03-27,2.4000000848900527e-05,2.5999999706982635e-05,2.4000000848900527e-05,2.5999999706982635e-05,792774798.0
2022-03-28,2.5999999706982635e-05,2.9000000722589903e-05,2.499999936844688e-05,2.5999999706982635e-05,3561607258.0
2022-03-29,2.5999999706982635e-05,2.8000000384054147e-05,2.5999999706982635e-05,2.700000004551839e-05,2063838416.0
2022-03-30,2.700000004551839e-05,2.8000000384054147e-05,2.5999999706982635e-05,2.700000004551839e-05,1629913880.0
2022-03-31,2.700000004551839e-05,2.8000000384054147e-05,2.5999999706982635e-05,2.5999999706982635e-05,1418516436.0
2022-04-01,2.5999999706982635e-05,2.5999999706982635e-05,2.499999936844688e-05,2.5999999706982635e-05,1141763445.0
2022-04-02,2.5999999706982635e-05,2.700000004551839e-05,2.5999999706982635e-05,2.5999999706982635e-05,1189366972.0
2022-04-03,2.5999999706982635e-05,2.700000004551839e-05,2.5999999706982635e-05,2.700000004551839e-05,918512393.0
2022-04-04,2.700000004551839e-05,2.700000004551839e-05,2.5999999706982635e-05,2.5999999706982635e-05,1101356399.0
2022-04-05,2.5999999706982635e-05,2.8000000384054147e-05,2.5999999706982635e-05,2.700000004551839e-05,1507483085.0
2022-04-06,2.700000004551839e-05,2.700000004551839e-05,2.4000000848900527e-05,2.4000000848900527e-05,1296200471.0
2022-04-07,2.4000000848900527e-05,2.499999936844688e-05,2.4000000848900527e-05,2.499999936844688e-05,687645596.0
2022-04-08,2.499999936844688e-05,2.499999936844688e-05,2.4000000848900527e-05,2.4000000848900527e-05,624386355.0
2022-04-09,2.4000000848900527e-05,2.499999936844688e-05,2.4000000848900527e-05,2.499999936844688e-05,456283801.0
2022-04-10,2.499999936844688e-05,2.499999936844688e-05,2.4000000848900527e-05,2.499999936844688e-05,683926475.0
2022-04-11,2.499999936844688e-05,2.499999936844688e-05,2.2000000171829015e-05,2.2000000171829015e-05,739648605.0
2022-04-12,2.2000000171829015e-05,2.9999999242136255e-05,2.2000000171829015e-05,2.700000004551839e-05,3927623558.0
2022-04-13,2.700000004551839e-05,2.8000000384054147e-05,2.5999999706982635e-05,2.700000004551839e-05,2032682825.0
2022-04-14,2.700000004551839e-05,2.700000004551839e-05,2.499999936844688e-05,2.5999999706982635e-05,1152162515.0
2022-04-15,2.5999999706982635e-05,2.5999999706982635e-05,2.5999999706982635e-05,2.5999999706982635e-05,464520286.0
2022-04-16,2.5999999706982635e-05,2.5999999706982635e-05,2.499999936844688e-05,2.5999999706982635e-05,338664091.0
2022-04-17,2.5999999706982635e-05,2.5999999706982635e-05,2.499999936844688e-05,2.499999936844688e-05,420838842.0
2022-04-18,2.499999936844688e-05,2.499999936844688e-05,2.4000000848900527e-05,2.499999936844688e-05,713137006.0
2022-04-19,2.499999936844688e-05,2.5999999706982635e-05,2.499999936844688e-05,2.499999936844688e-05,514266085.0
2022-04-20,2.499999936844688e-05,2.5999999706982635e-05,2.499999936844688e-05,2.499999936844688e-05,628811523.0
2022-04-21,2.499999936844688e-05,2.499999936844688e-05,2.4000000848900527e-05,2.4000000848900527e-05,520836111.0
2022-04-22,2.4000000848900527e-05,2.499999936844688e-05,2.4000000848900527e-05,2.4000000848900527e-05,431642746.0
2022-04-23,2.4000000848900527e-05,2.499999936844688e-05,2.4000000848900527e-05,2.4000000848900527e-05,341880954.0
2022-04-24,2.4000000848900527e-05,2.4000000848900527e-05,2.4000000848900527e-05,2.4000000848900527e-05,328056265.0
2022-04-25,2.4000000848900527e-05,2.499999936844688e-05,2.2000000171829015e-05,2.4000000848900527e-05,1200258088.0
2022-04-26,2.4000000848900527e-05,2.499999936844688e-05,2.300000051036477e-05,2.300000051036477e-05,729940767.0
2022-04-27,2.300000051036477e-05,2.4000000848900527e-05,2.300000051036477e-05,2.300000051036477e-05,650386644.0
2022-04-28,2.300000051036477e-05,2.300000051036477e-05,2.300000051036477e-05,2.300000051036477e-05,472878759.0
2022-04-29,2.300000051036477e-05,2.300000051036477e-05,2.2000000171829015e-05,2.2000000171829015e-05,677823796.0
2022-04-30,2.2000000171829015e-05,2.2000000171829015e-05,1.8999999156221747e-05,1.9999999494757503e-05,818405640.0
2022-05-01,1.9999999494757503e-05,2.2000000171829015e-05,1.9999999494757503e-05,2.2000000171829015e-05,848056380.0
2022-05-02,2.2000000171829015e-05,2.2000000171829015e-05,1.9999999494757503e-05,2.099999983329326e-05,592820970.0
2022-05-03,2.099999983329326e-05,2.099999983329326e-05,1.9999999494757503e-05,1.9999999494757503e-05,403376379.0
2022-05-04,1.9999999494757503e-05,2.2000000171829015e-05,1.9999999494757503e-05,2.2000000171829015e-05,636180875.0
2022-05-05,2.2000000171829015e-05,2.2000000171829015e-05,1.9999999494757503e-05,1.9999999494757503e-05,713051913.0
2022-05-06,1.9999999494757503e-05,1.9999999494757503e-05,1.9999999494757503e-05,1.9999999494757503e-05,585924268.0
2022-05-07,1.9999999494757503e-05,1.9999999494757503e-05,1.8999999156221747e-05,1.8999999156221747e-05,423936667.0
2022-05-08,1.8999999156221747e-05,1.8999999156221747e-05,1.8000000636675395e-05,1.8000000636675395e-05,537073562.0
2022-05-09,1.8000000636675395e-05,1.8999999156221747e-05,1.4000000192027073e-05,1.4000000192027073e-05,1391408513.0
2022-05-10,1.4000000192027073e-05,1.8000000636675395e-05,1.4000000192027073e-05,1.5999999959603883e-05,1923105329.0
2022-05-11,1.5999999959603883e-05,1.700000029813964e-05,1.1000000085914508e-05,1.2000000424450263e-05,1583801209.0
2022-05-12,1.2000000424450263e-05,1.2999999853491317e-05,9.000000318337698e-06,1.1000000085914508e-05,1412033424.0
2022-05-13,1.1000000085914508e-05,1.4000000192027073e-05,1.1000000085914508e-05,1.2999999853491317e-05,1436004010.0
2022-05-14,1.2999999853491317e-05,1.4000000192027073e-05,1.2000000424450263e-05,1.2999999853491317e-05,821428365.0
2022-05-15,1.2999999853491317e-05,1.2999999853491317e-05,1.2000000424450263e-05,1.2999999853491317e-05,476871904.0
2022-05-16,1.2999999853491317e-05,1.2999999853491317e-05,1.2000000424450263e-05,1.2000000424450263e-05,470716635.0
2022-05-17,1.2000000424450263e-05,1.2999999853491317e-05,1.2000000424450263e-05,1.2999999853491317e-05,502026876.0
2022-05-18,1.2999999853491317e-05,1.2999999853491317e-05,1.2000000424450263e-05,1.2000000424450263e-05,447213809.0
2022-05-19,1.2000000424450263e-05,1.2000000424450263e-05,1.1000000085914508e-05,1.2000000424450263e-05,428502212.0
2022-05-20,1.2000000424450263e-05,1.2000000424450263e-05,1.1000000085914508e-05,1.2000000424450263e-05,318906896.0
2022-05-21,1.2000000424450263e-05,1.2000000424450263e-05,1.1000000085914508e-05,1.2000000424450263e-05,269090360.0
2022-05-22,1.2000000424450263e-05,1.2000000424450263e-05,1.2000000424450263e-05,1.2000000424450263e-05,346543992.0
2022-05-23,1.2000000424450263e-05,1.2999999853491317e-05,1.2000000424450263e-05,1.2000000424450263e-05,684387210.0
2022-05-24,1.2000000424450263e-05,1.2000000424450263e-05,1.1000000085914508e-05,1.2000000424450263e-05,338191313.0
2022-05-25,1.2000000424450263e-05,1.2000000424450263e-05,1.2000000424450263e-05,1.2000000424450263e-05,270410751.0
2022-05-26,1.2000000424450263e-05,1.2000000424450263e-05,9.999999747378752e-06,1.1000000085914508e-05,470812067.0
2022-05-27,1.1000000085914508e-05,1.1000000085914508e-05,9.999999747378752e-06,9.999999747378752e-06,405412906.0
2022-05-28,1.1000000085914508e-05,1.1000000085914508e-05,9.999999747378752e-06,1.1000000085914508e-05,231462555.0
2022-05-29,1.1000000085914508e-05,1.2000000424450263e-05,1.1000000085914508e-05,1.2000000424450263e-05,419949041.0
2022-05-30,1.2000000424450263e-05,1.2000000424450263e-05,1.1000000085914508e-05,1.2000000424450263e-05,635871505.0
2022-05-31,1.2000000424450263e-05,1.2000000424450263e-05,1.2000000424450263e-05,1.2000000424450263e-05,475903019.0
2022-06-01,1.2000000424450263e-05,1.2000000424450263e-05,1.1000000085914508e-05,1.1000000085914508e-05,428977853.0
2022-06-02,1.1000000085914508e-05,1.1000000085914508e-05,1.1000000085914508e-05,1.1000000085914508e-05,295981470.0
2022-06-03,1.1000000085914508e-05,1.1000000085914508e-05,1.1000000085914508e-05,1.1000000085914508e-05,255259560.0
2022-06-04,1.1000000085914508e-05,1.1000000085914508e-05,1.1000000085914508e-05,1.1000000085914508e-05,176261542.0
2022-06-05,1.1000000085914508e-05,1.1000000085914508e-05,1.1000000085914508e-05,1.1000000085914508e-05,175363152.0
2022-06-06,1.1000000085914508e-05,1.1000000085914508e-05,1.1000000085914508e-05,1.1000000085914508e-05,299560801.0
2022-06-07,1.1000000085914508e-05,1.1000000085914508e-05,9.999999747378752e-06,1.1000000085914508e-05,344739034.0
2022-06-08,1.1000000085914508e-05,1.1000000085914508e-05,1.1000000085914508e-05,1.1000000085914508e-05,228040184.0
2022-06-09,1.1000000085914508e-05,1.1000000085914508e-05,9.999999747378752e-06,1.1000000085914508e-05,384640508.0
2022-06-10,1.1000000085914508e-05,1.1000000085914508e-05,9.999999747378752e-06,9.999999747378752e-06,241095707.0
2022-06-11,9.999999747378752e-06,9.999999747378752e-06,9.000000318337698e-06,9.000000318337698e-06,347009991.0
2022-06-12,9.000000318337698e-06,9.000000318337698e-06,7.999999979801942e-06,9.000000318337698e-06,468217434.0
2022-06-13,9.000000318337698e-06,9.000000318337698e-06,7.000000096013537e-06,7.999999979801942e-06,665964700.0
2022-06-14,7.999999979801942e-06,7.999999979801942e-06,7.999999979801942e-06,7.999999979801942e-06,478277756.0
2022-06-15,7.999999979801942e-06,9.000000318337698e-06,7.999999979801942e-06,9.000000318337698e-06,514356384.0
2022-06-16,9.000000318337698e-06,9.000000318337698e-06,7.999999979801942e-06,7.999999979801942e-06,343758214.0
2022-06-17,7.999999979801942e-06,7.999999979801942e-06,7.999999979801942e-06,7.999999979801942e-06,210833181.0
2022-06-18,7.999999979801942e-06,7.999999979801942e-06,7.000000096013537e-06,7.999999979801942e-06,304500488.0
2022-06-19,7.999999979801942e-06,7.999999979801942e-06,7.000000096013537e-06,7.999999979801942e-06,310911208.0
2022-06-20,7.999999979801942e-06,7.999999979801942e-06,7.999999979801942e-06,7.999999979801942e-06,247862112.0
2022-06-21,7.999999979801942e-06,1.2000000424450263e-05,7.999999979801942e-06,1.1000000085914508e-05,1578164594.0
2022-06-22,1.1000000085914508e-05,1.1000000085914508e-05,9.000000318337698e-06,9.999999747378752e-06,1212245866.0
2022-06-23,9.999999747378752e-06,9.999999747378752e-06,9.999999747378752e-06,9.999999747378752e-06,679449485.0
2022-06-24,9.999999747378752e-06,1.1000000085914508e-05,9.999999747378752e-06,1.1000000085914508e-05,804722625.0
2022-06-25,1.1000000085914508e-05,1.2000000424450263e-05,1.1000000085914508e-05,1.2000000424450263e-05,926458281.0
2022-06-26,1.2000000424450263e-05,1.2000000424450263e-05,1.1000000085914508e-05,1.1000000085914508e-05,647639113.0
2022-06-27,1.1000000085914508e-05,1.2000000424450263e-05,1.1000000085914508e-05,1.1000000085914508e-05,524506475.0
2022-06-28,1.1000000085914508e-05,1.1000000085914508e-05,9.999999747378752e-06,9.999999747378752e-06,472570140.0
2022-06-29,9.999999747378752e-06,1.1000000085914508e-05,9.999999747378752e-06,9.999999747378752e-06,582310241.0
2022-06-30,9.999999747378752e-06,9.999999747378752e-06,9.999999747378752e-06,9.999999747378752e-06,604730096.0
2022-07-01,9.999999747378752e-06,1.1000000085914508e-05,9.999999747378752e-06,9.999999747378752e-06,423518491.0
2022-07-02,9.999999747378752e-06,9.999999747378752e-06,9.999999747378752e-06,9.999999747378752e-06,220131113.0
2022-07-03,9.999999747378752e-06,9.999999747378752e-06,9.999999747378752e-06,9.999999747378752e-06,204381631.0
2022-07-04,9.999999747378752e-06,1.1000000085914508e-05,9.999999747378752e-06,9.999999747378752e-06,289253382.0
2022-07-05,9.999999747378752e-06,1.1000000085914508e-05,9.999999747378752e-06,9.999999747378752e-06,462032913.0
2022-07-06,9.999999747378752e-06,1.1000000085914508e-05,9.999999747378752e-06,9.999999747378752e-06,317999228.0
2022-07-07,9.999999747378752e-06,1.1000000085914508e-05,9.999999747378752e-06,1.1000000085914508e-05,454333295.0
2022-07-08,1.1000000085914508e-05,1.2000000424450263e-05,1.1000000085914508e-05,1.1000000085914508e-05,586643040.0
2022-07-09,1.1000000085914508e-05,1.2000000424450263e-05,1.1000000085914508e-05,1.2000000424450263e-05,419470972.0
2022-07-10,1.2000000424450263e-05,1.2000000424450263e-05,1.1000000085914508e-05,1.1000000085914508e-05,337983053.0
2022-07-11,1.1000000085914508e-05,1.1000000085914508e-05,9.999999747378752e-06,9.999999747378752e-06,332271712.0
2022-07-12,9.999999747378752e-06,1.1000000085914508e-05,9.999999747378752e-06,9.999999747378752e-06,287884681.0
2022-07-13,9.999999747378752e-06,1.1000000085914508e-05,9.999999747378752e-06,1.1000000085914508e-05,375466274.0
2022-07-14,1.1000000085914508e-05,1.1000000085914508e-05,9.999999747378752e-06,1.1000000085914508e-05,316823106.0
2022-07-15,1.1000000085914508e-05,1.1000000085914508e-05,1.1000000085914508e-05,1.1000000085914508e-05,357658131.0
2022-07-16,1.1000000085914508e-05,1.1000000085914508e-05,1.1000000085914508e-05,1.1000000085914508e-05,280242047.0
2022-07-17,1.1000000085914508e-05,1.1000000085914508e-05,1.1000000085914508e-05,1.1000000085914508e-05,259125727.0
2022-07-18,1.1000000085914508e-05,1.2000000424450263e-05,1.1000000085914508e-05,1.2000000424450263e-05,831610865.0
2022-07-19,1.2000000424450263e-05,1.2000000424450263e-05,1.1000000085914508e-05,1.2000000424450263e-05,781843830.0
2022-07-20,1.2000000424450263e-05,1.2999999853491317e-05,1.2000000424450263e-05,1.2000000424450263e-05,991060912.0
2022-07-21,1.2000000424450263e-05,1.2000000424450263e-05,1.2000000424450263e-05,1.2000000424450263e-05,532904234.0
2022-07-22,1.2000000424450263e-05,1.2000000424450263e-05,1.2000000424450263e-05,1.2000000424450263e-05,451101879.0
2022-07-23,1.2000000424450263e-05,1.2000000424450263e-05,1.1000000085914508e-05,1.2000000424450263e-05,379227119.0
2022-07-24,1.2000000424450263e-05,1.2000000424450263e-05,1.2000000424450263e-05,1.2000000424450263e-05,288641414.0
2022-07-25,1.2000000424450263e-05,1.2000000424450263e-05,1.1000000085914508e-05,1.1000000085914508e-05,379432978.0
2022-07-26,1.1000000085914508e-05,1.1000000085914508e-05,9.999999747378752e-06,1.1000000085914508e-05,342257533.0
2022-07-27,1.1000000085914508e-05,1.1000000085914508e-05,1.1000000085914508e-05,1.1000000085914508e-05,497164432.0
2022-07-28,1.1000000085914508e-05,1.2000000424450263e-05,1.1000000085914508e-05,1.2000000424450263e-05,675002934.0
2022-07-29,1.2000000424450263e-05,1.2000000424450263e-05,1.1000000085914508e-05,1.2000000424450263e-05,576891148.0
2022-07-30,1.2000000424450263e-05,1.2999999853491317e-05,1.2000000424450263e-05,1.2000000424450263e-05,683137653.0
2022-07-31,1.2000000424450263e-05,1.2000000424450263e-05,1.2000000424450263e-05,1.2000000424450263e-05,421765443.0
2022-08-01,1.2000000424450263e-05,1.2999999853491317e-05,1.2000000424450263e-05,1.2000000424450263e-05,616917563.0
2022-08-02,1.2000000424450263e-05,1.2000000424450263e-05,1.2000000424450263e-05,1.2000000424450263e-05,395081060.0
2022-08-03,1.2000000424450263e-05,1.2000000424450263e-05,1.2000000424450263e-05,1.2000000424450263e-05,317439052.0
2022-08-04,1.2000000424450263e-05,1.2000000424450263e-05,1.2000000424450263e-05,1.2000000424450263e-05,301914202.0
2022-08-05,1.2000000424450263e-05,1.2000000424450263e-05,1.2000000424450263e-05,1.2000000424450263e-05,337423841.0
2022-08-06,1.2000000424450263e-05,1.2000000424450263e-05,1.2000000424450263e-05,1.2000000424450263e-05,278723005.0
2022-08-07,1.2000000424450263e-05,1.2000000424450263e-05,1.2000000424450263e-05,1.2000000424450263e-05,225119696.0
2022-08-08,1.2000000424450263e-05,1.2999999853491317e-05,1.2000000424450263e-05,1.2000000424450263e-05,553334119.0
2022-08-09,1.2000000424450263e-05,1.2999999853491317e-05,1.2000000424450263e-05,1.2000000424450263e-05,590838988.0
2022-08-10,1.2000000424450263e-05,1.2000000424450263e-05,1.2000000424450263e-05,1.2000000424450263e-05,418731355.0
2022-08-11,1.2000000424450263e-05,1.2999999853491317e-05,1.2000000424450263e-05,1.2000000424450263e-05,496656656.0
2022-08-12,1.2000000424450263e-05,1.2999999853491317e-05,1.2000000424450263e-05,1.2999999853491317e-05,331254898.0
2022-08-13,1.2999999853491317e-05,1.2999999853491317e-05,1.2999999853491317e-05,1.2999999853491317e-05,350167369.0
2022-08-14,1.2999999853491317e-05,1.8000000636675395e-05,1.2999999853491317e-05,1.700000029813964e-05,3873103860.0
2022-08-15,1.700000029813964e-05,1.700000029813964e-05,1.4999999621068127e-05,1.4999999621068127e-05,2327359499.0
2022-08-16,1.4999999621068127e-05,1.5999999959603883e-05,1.4999999621068127e-05,1.5999999959603883e-05,1302891507.0
2022-08-17,1.5999999959603883e-05,1.5999999959603883e-05,1.4999999621068127e-05,1.4999999621068127e-05,1047374797.0
2022-08-18,1.4999999621068127e-05,1.4999999621068127e-05,1.4000000192027073e-05,1.4000000192027073e-05,557409408.0
2022-08-19,1.4000000192027073e-05,1.4000000192027073e-05,1.2999999853491317e-05,1.2999999853491317e-05,1128117927.0
2022-08-20,1.2999999853491317e-05,1.4000000192027073e-05,1.2999999853491317e-05,1.2999999853491317e-05,745673615.0
2022-08-21,1.2999999853491317e-05,1.4000000192027073e-05,1.2999999853491317e-05,1.2999999853491317e-05,432719644.0
2022-08-22,1.2999999853491317e-05,1.2999999853491317e-05,1.2999999853491317e-05,1.2999999853491317e-05,447215233.0
2022-08-23,1.2999999853491317e-05,1.2999999853491317e-05,1.2999999853491317e-05,1.2999999853491317e-05,401297299.0
2022-08-24,1.2999999853491317e-05,1.2999999853491317e-05,1.2999999853491317e-05,1.2999999853491317e-05,397540278.0
2022-08-25,1.2999999853491317e-05,1.4999999621068127e-05,1.2999999853491317e-05,1.4000000192027073e-05,959400151.0
2022-08-26,1.4000000192027073e-05,1.4000000192027073e-05,1.2000000424450263e-05,1.2000000424450263e-05,819192697.0
2022-08-27,1.2000000424450263e-05,1.2999999853491317e-05,1.2000000424450263e-05,1.2000000424450263e-05,437249950.0
2022-08-28,1.2000000424450263e-05,1.2000000424450263e-05,1.2000000424450263e-05,1.2000000424450263e-05,328030702.0
2022-08-29,1.2000000424450263e-05,1.2999999853491317e-05,1.2000000424450263e-05,1.2000000424450263e-05,393463237.0
2022-08-30,1.2000000424450263e-05,1.2999999853491317e-05,1.2000000424450263e-05,1.2000000424450263e-05,378833439.0
2022-08-31,1.2000000424450263e-05,1.2999999853491317e-05,1.2000000424450263e-05,1.2000000424450263e-05,290944041.0
2022-09-01,1.2000000424450263e-05,1.2000000424450263e-05,1.2000000424450263e-05,1.2000000424450263e-05,284561703.0
2022-09-02,1.2000000424450263e-05,1.2000000424450263e-05,1.2000000424450263e-05,1.2000000424450263e-05,295889011.0
2022-09-03,1.2000000424450263e-05,1.2000000424450263e-05,1.2000000424450263e-05,1.2000000424450263e-05,219322329.0
2022-09-04,1.2000000424450263e-05,1.2999999853491317e-05,1.2000000424450263e-05,1.2999999853491317e-05,553998915.0
2022-09-05,1.2999999853491317e-05,1.2999999853491317e-05,1.2000000424450263e-05,1.2999999853491317e-05,322249006.0
2022-09-06,1.2999999853491317e-05,1.2999999853491317e-05,1.2000000424450263e-05,1.2000000424450263e-05,502320543.0
2022-09-07,1.2000000424450263e-05,1.2000000424450263e-05,1.2000000424450263e-05,1.2000000424450263e-05,322581607.0
2022-09-08,1.2000000424450263e-05,1.2000000424450263e-05,1.2000000424450263e-05,1.2000000424450263e-05,323307668.0
2022-09-09,1.2000000424450263e-05,1.4000000192027073e-05,1.2000000424450263e-05,1.2999999853491317e-05,906904715.0
2022-09-10,1.2999999853491317e-05,1.2999999853491317e-05,1.2999999853491317e-05,1.2999999853491317e-05,650509216.0
2022-09-11,1.2999999853491317e-05,1.2999999853491317e-05,1.2999999853491317e-05,1.2999999853491317e-05,539982450.0
2022-09-12,1.2999999853491317e-05,1.2999999853491317e-05,1.2999999853491317e-05,1.2999999853491317e-05,502161292.0
2022-09-13,1.2999999853491317e-05,1.2999999853491317e-05,1.2000000424450263e-05,1.2000000424450263e-05,455179755.0
2022-09-14,1.2000000424450263e-05,1.2000000424450263e-05,1.2000000424450263e-05,1.2000000424450263e-05,323663527.0
2022-09-15,1.2000000424450263e-05,1.2000000424450263e-05,1.2000000424450263e-05,1.2000000424450263e-05,321682028.0
2022-09-16,1.2000000424450263e-05,1.2000000424450263e-05,1.1000000085914508e-05,1.2000000424450263e-05,240124971.0
2022-09-17,1.2000000424450263e-05,1.2000000424450263e-05,1.2000000424450263e-05,1.2000000424450263e-05,191744549.0
2022-09-18,1.2000000424450263e-05,1.2000000424450263e-05,9.999999747378752e-06,1.1000000085914508e-05,277027590.0
2022-09-19,1.1000000085914508e-05,1.1000000085914508e-05,1.1000000085914508e-05,1.1000000085914508e-05,346595419.0
2022-09-20,1.1000000085914508e-05,1.1000000085914508e-05,1.1000000085914508e-05,1.1000000085914508e-05,233231568.0
2022-09-21,1.1000000085914508e-05,1.1000000085914508e-05,9.999999747378752e-06,9.999999747378752e-06,345248633.0
2022-09-22,9.999999747378752e-06,1.1000000085914508e-05,9.999999747378752e-06,1.1000000085914508e-05,216459758.0
2022-09-23,1.1000000085914508e-05,1.1000000085914508e-05,1.1000000085914508e-05,1.1000000085914508e-05,337933781.0
2022-09-24,1.1000000085914508e-05,1.2000000424450263e-05,1.1000000085914508e-05,1.1000000085914508e-05,713605265.0
2022-09-25,1.1000000085914508e-05,1.2000000424450263e-05,1.1000000085914508e-05,1.1000000085914508e-05,298521657.0
2022-09-26,1.1000000085914508e-05,1.1000000085914508e-05,1.1000000085914508e-05,1.1000000085914508e-05,265868938.0
2022-09-27,1.1000000085914508e-05,1.2000000424450263e-05,1.1000000085914508e-05,1.1000000085914508e-05,287760616.0
2022-09-28,1.1000000085914508e-05,1.1000000085914508e-05,1.1000000085914508e-05,1.1000000085914508e-05,262953706.0
2022-09-29,1.1000000085914508e-05,1.1000000085914508e-05,1.1000000085914508e-05,1.1000000085914508e-05,176633140.0
2022-09-30,1.1000000085914508e-05,1.1000000085914508e-05,1.1000000085914508e-05,1.1000000085914508e-05,269203863.0
2022-10-01,1.1000000085914508e-05,1.1000000085914508e-05,1.1000000085914508e-05,1.1000000085914508e-05,172808216.0
2022-10-02,1.1000000085914508e-05,1.1000000085914508e-05,1.1000000085914508e-05,1.1000000085914508e-05,176957004.0
2022-10-03,1.1000000085914508e-05,1.1000000085914508e-05,1.1000000085914508e-05,1.1000000085914508e-05,194093013.0
2022-10-04,1.1000000085914508e-05,1.2000000424450263e-05,1.1000000085914508e-05,1.2000000424450263e-05,295527520.0
2022-10-05,1.2000000424450263e-05,1.2000000424450263e-05,1.1000000085914508e-05,1.1000000085914508e-05,257284310.0
2022-10-06,1.1000000085914508e-05,1.2000000424450263e-05,1.1000000085914508e-05,1.1000000085914508e-05,218959432.0
2022-10-07,1.1000000085914508e-05,1.1000000085914508e-05,1.1000000085914508e-05,1.1000000085914508e-05,161253503.0
2022-10-08,1.1000000085914508e-05,1.1000000085914508e-05,1.1000000085914508e-05,1.1000000085914508e-05,91674947.0
2022-10-09,1.1000000085914508e-05,1.1000000085914508e-05,1.1000000085914508e-05,1.1000000085914508e-05,96163215.0
2022-10-10,1.1000000085914508e-05,1.1000000085914508e-05,9.999999747378752e-06,9.999999747378752e-06,192456230.0
2022-10-11,9.999999747378752e-06,9.999999747378752e-06,9.999999747378752e-06,9.999999747378752e-06,225078484.0
2022-10-12,9.999999747378752e-06,9.999999747378752e-06,9.999999747378752e-06,9.999999747378752e-06,128040822.0
2022-10-13,9.999999747378752e-06,1.1000000085914508e-05,9.000000318337698e-06,9.999999747378752e-06,443708628.0
2022-10-14,9.999999747378752e-06,1.1000000085914508e-05,9.999999747378752e-06,9.999999747378752e-06,231553889.0
2022-10-15,9.999999747378752e-06,9.999999747378752e-06,9.999999747378752e-06,9.999999747378752e-06,173389601.0
2022-10-16,9.999999747378752e-06,9.999999747378752e-06,9.999999747378752e-06,9.999999747378752e-06,121155378.0
2022-10-17,9.999999747378752e-06,9.999999747378752e-06,9.999999747378752e-06,9.999999747378752e-06,117289815.0
2022-10-18,9.999999747378752e-06,9.999999747378752e-06,9.999999747378752e-06,9.999999747378752e-06,175418876.0
2022-10-19,9.999999747378752e-06,9.999999747378752e-06,9.999999747378752e-06,9.999999747378752e-06,135343704.0
2022-10-20,9.999999747378752e-06,9.999999747378752e-06,9.999999747378752e-06,9.999999747378752e-06,151239550.0
2022-10-21,9.999999747378752e-06,9.999999747378752e-06,9.999999747378752e-06,9.999999747378752e-06,180099032.0
2022-10-22,9.999999747378752e-06,9.999999747378752e-06,9.999999747378752e-06,9.999999747378752e-06,96866356.0
2022-10-23,9.999999747378752e-06,9.999999747378752e-06,9.999999747378752e-06,9.999999747378752e-06,113876891.0
2022-10-24,9.999999747378752e-06,9.999999747378752e-06,9.999999747378752e-06,9.999999747378752e-06,118009700.0
2022-10-25,9.999999747378752e-06,9.999999747378752e-06,9.999999747378752e-06,9.999999747378752e-06,209262534.0
2022-10-26,9.999999747378752e-06,1.1000000085914508e-05,9.999999747378752e-06,1.1000000085914508e-05,403900859.0
2022-10-27,1.1000000085914508e-05,1.2000000424450263e-05,1.1000000085914508e-05,1.1000000085914508e-05,746775849.0
2022-10-28,1.1000000085914508e-05,1.2000000424450263e-05,9.999999747378752e-06,1.2000000424450263e-05,829657554.0
2022-10-29,1.2000000424450263e-05,1.4999999621068127e-05,1.2000000424450263e-05,1.2999999853491317e-05,2217211793.0
2022-10-30,1.2999999853491317e-05,1.4000000192027073e-05,1.2000000424450263e-05,1.2000000424450263e-05,1159869624.0
2022-10-31,1.2000000424450263e-05,1.2999999853491317e-05,1.2000000424450263e-05,1.2000000424450263e-05,872998502.0
2022-11-01,1.2000000424450263e-05,1.2999999853491317e-05,1.2000000424450263e-05,1.2999999853491317e-05,950860118.0
2022-11-02,1.2999999853491317e-05,1.2999999853491317e-05,1.2000000424450263e-05,1.2000000424450263e-05,683807119.0
2022-11-03,1.2000000424450263e-05,1.2000000424450263e-05,1.2000000424450263e-05,1.2000000424450263e-05,391582037.0
2022-11-04,1.2000000424450263e-05,1.2999999853491317e-05,1.2000000424450263e-05,1.2999999853491317e-05,709768855.0
2022-11-05,1.2999999853491317e-05,1.2999999853491317e-05,1.2000000424450263e-05,1.2000000424450263e-05,572196598.0
2022-11-06,1.2000000424450263e-05,1.2999999853491317e-05,1.2000000424450263e-05,1.2000000424450263e-05,416836181.0
2022-11-07,1.2000000424450263e-05,1.2000000424450263e-05,1.2000000424450263e-05,1.2000000424450263e-05,334221979.0
2022-11-08,1.2000000424450263e-05,1.2000000424450263e-05,9.999999747378752e-06,9.999999747378752e-06,758571197.0
2022-11-09,9.999999747378752e-06,9.999999747378752e-06,7.999999979801942e-06,9.000000318337698e-06,625749946.0
2022-11-10,9.000000318337698e-06,9.999999747378752e-06,9.000000318337698e-06,9.999999747378752e-06,565187415.0
2022-11-11,9.999999747378752e-06,9.999999747378752e-06,9.999999747378752e-06,9.999999747378752e-06,324158505.0
2022-11-12,9.999999747378752e-06,9.999999747378752e-06,9.000000318337698e-06,9.999999747378752e-06,268072143.0
2022-11-13,9.999999747378752e-06,9.999999747378752e-06,9.000000318337698e-06,9.000000318337698e-06,229639309.0
2022-11-14,9.000000318337698e-06,9.000000318337698e-06,9.000000318337698e-06,9.000000318337698e-06,285347022.0
2022-11-15,9.000000318337698e-06,9.000000318337698e-06,9.000000318337698e-06,9.000000318337698e-06,183215113.0
2022-11-16,9.000000318337698e-06,9.999999747378752e-06,9.000000318337698e-06,9.000000318337698e-06,228971255.0
2022-11-17,9.000000318337698e-06,9.000000318337698e-06,9.000000318337698e-06,9.000000318337698e-06,119716547.0
2022-11-18,9.000000318337698e-06,9.000000318337698e-06,9.000000318337698e-06,9.000000318337698e-06,98720801.0
2022-11-19,9.000000318337698e-06,9.000000318337698e-06,9.000000318337698e-06,9.000000318337698e-06,85037387.0
2022-11-20,9.000000318337698e-06,9.000000318337698e-06,9.000000318337698e-06,9.000000318337698e-06,138213208.0
2022-11-21,9.000000318337698e-06,9.000000318337698e-06,7.999999979801942e-06,7.999999979801942e-06,211504864.0
2022-11-22,7.999999979801942e-06,9.000000318337698e-06,7.999999979801942e-06,9.000000318337698e-06,179287235.0
2022-11-23,9.000000318337698e-06,9.000000318337698e-06,9.000000318337698e-06,9.000000318337698e-06,166475381.0
2022-11-24,9.000000318337698e-06,9.000000318337698e-06,9.000000318337698e-06,9.000000318337698e-06,111224853.0
2022-11-25,9.000000318337698e-06,9.000000318337698e-06,9.000000318337698e-06,9.000000318337698e-06,179094294.0
2022-11-26,9.000000318337698e-06,9.000000318337698e-06,9.000000318337698e-06,9.000000318337698e-06,137457128.0
2022-11-27,9.000000318337698e-06,9.999999747378752e-06,9.000000318337698e-06,9.000000318337698e-06,205943656.0
2022-11-28,9.000000318337698e-06,9.000000318337698e-06,9.000000318337698e-06,9.000000318337698e-06,163217983.0
2022-11-29,9.000000318337698e-06,9.000000318337698e-06,9.000000318337698e-06,9.000000318337698e-06,131355967.0
2022-11-30,9.000000318337698e-06,9.000000318337698e-06,9.000000318337698e-06,9.000000318337698e-06,183097116.0
2022-12-01,9.000000318337698e-06,9.000000318337698e-06,9.000000318337698e-06,9.000000318337698e-06,111818634.0
2022-12-02,9.000000318337698e-06,9.000000318337698e-06,9.000000318337698e-06,9.000000318337698e-06,112890317.0
2022-12-03,9.000000318337698e-06,9.000000318337698e-06,9.000000318337698e-06,9.000000318337698e-06,121673808.0
2022-12-04,9.000000318337698e-06,9.000000318337698e-06,9.000000318337698e-06,9.000000318337698e-06,83894725.0
2022-12-05,9.000000318337698e-06,9.999999747378752e-06,9.000000318337698e-06,9.000000318337698e-06,249923175.0
2022-12-06,9.000000318337698e-06,9.000000318337698e-06,9.000000318337698e-06,9.000000318337698e-06,99064720.0
2022-12-07,9.000000318337698e-06,9.000000318337698e-06,9.000000318337698e-06,9.000000318337698e-06,110036104.0
2022-12-08,9.000000318337698e-06,9.000000318337698e-06,9.000000318337698e-06,9.000000318337698e-06,92223159.0
2022-12-09,9.000000318337698e-06,9.000000318337698e-06,9.000000318337698e-06,9.000000318337698e-06,80300419.0
2022-12-10,9.000000318337698e-06,9.000000318337698e-06,9.000000318337698e-06,9.000000318337698e-06,58053490.0
2022-12-11,9.000000318337698e-06,9.000000318337698e-06,9.000000318337698e-06,9.000000318337698e-06,73963284.0
2022-12-12,9.000000318337698e-06,9.000000318337698e-06,9.000000318337698e-06,9.000000318337698e-06,146037825.0
2022-12-13,9.000000318337698e-06,9.000000318337698e-06,9.000000318337698e-06,9.000000318337698e-06,172383732.0
2022-12-14,9.000000318337698e-06,9.000000318337698e-06,9.000000318337698e-06,9.000000318337698e-06,105628211.0
2022-12-15,9.000000318337698e-06,9.000000318337698e-06,9.000000318337698e-06,9.000000318337698e-06,95057599.0
2022-12-16,9.000000318337698e-06,9.000000318337698e-06,7.999999979801942e-06,7.999999979801942e-06,163155373.0
2022-12-17,7.999999979801942e-06,7.999999979801942e-06,7.999999979801942e-06,7.999999979801942e-06,133002793.0
2022-12-18,7.999999979801942e-06,9.000000318337698e-06,7.999999979801942e-06,9.000000318337698e-06,249478668.0
2022-12-19,9.000000318337698e-06,9.000000318337698e-06,7.999999979801942e-06,7.999999979801942e-06,201119488.0
2022-12-20,7.999999979801942e-06,7.999999979801942e-06,7.999999979801942e-06,7.999999979801942e-06,110917856.0
2022-12-21,7.999999979801942e-06,7.999999979801942e-06,7.999999979801942e-06,7.999999979801942e-06,87255813.0
2022-12-22,7.999999979801942e-06,7.999999979801942e-06,7.999999979801942e-06,7.999999979801942e-06,92821341.0
2022-12-23,7.999999979801942e-06,7.999999979801942e-06,7.999999979801942e-06,7.999999979801942e-06,78741855.0
2022-12-24,7.999999979801942e-06,7.999999979801942e-06,7.999999979801942e-06,7.999999979801942e-06,44533809.0
2022-12-25,7.999999979801942e-06,7.999999979801942e-06,7.999999979801942e-06,7.999999979801942e-06,59394204.0
2022-12-26,7.999999979801942e-06,7.999999979801942e-06,7.999999979801942e-06,7.999999979801942e-06,54139505.0
2022-12-27,8.325666385644581e-06,8.334272024512757e-06,8.288163371616974e-06,8.288163371616974e-06,54220824.0
